[
    {
      "id": 1,
      "name": "Power Whey",
      "description": "A Power Whey a legmagasabb biológiai értékű protein ami ma elérhető a testépítők számára. A modern gyártási eljárásoknak, mint például az ultra és mikroszűrés, fordított ozmózis és a protein evaporation (kíméletes protein besűrítés) technológiáknak köszönhetően a Power Whey-ben az izomnövekedéshez szükséges összes anabolikus komponens megtalálható. A power Whey optimális mennyiségben és arányban tartalmazza az összes fehérje mikrofrakciót, ennek köszönhető immunrendszer erősítő hatása, mely hozzásegít a gyors regenerálódáshoz, valamint a magas esszenciális és elágazó szénláncú (BCAA-leucin, izoleucin és valin) aminosav tartalma segít a kemény munkával megszerzett izomzat megtartásában. A Power Whey rendkívül magas aminosav és nagyon alacsony laktóz- és zsírtartalmának köszönhetően gyors erő- és izomnövekedés érhető el felesleges zsír lerakódása nélkül. A Power Whey protein rendkívül könnyen emészthető és elfogyasztását követően néhány percen belül elárasztja az izomzatot a növekedéshez szükséges aminosavakkal, ami nagyon fontos a gyors fejlődéshez.",
      "image": "assets/img/products/POWER-WHEY-CINNAMON.jpg",
      "price": 7990,
      "featured": true,
      "visible": true,
      "web-link": "",
      "flavors": ["csoki", "vanília", "eper", "erdei gyümölcs", "citrom túró", "banán", "fahéj", "natúr", "kókusz", "cappuchino", "mascarpone", "málna", "pisztácia", "mangó", "meggy", "tutti frutti"],
      "dessert_flavors": ["kókusz reszelt kókusszal", "málna darabos málna", "eper darabos eper", "csoki darabos csoki"," sztacsatella (vanília, csokidarabokkal)", "tutti frutti mályva cukor darabokkal", "dubai csoki (pisztácia és csoki darabokkal"],
      "packaging":["25g", "908g", "4kg"],
      "dosage":"Naponta kétszer két adagoló-kanálnyi (25 g) Power Whey-t keverni vízbe vagy tejbe, lehetőleg turmixgéppel.",
      "type": "Fehérje"
    },
    {
      "id": 2,
      "name": "Power Soy",
      "description": "A szójaprotein a kilencvenes évek elejétől jelent meg a testépítésben, de a robbanásszerű népszerűsége csak a kilencvenes évek közepétől kezdődött. Az elmúlt néhány évben sikerült olyan tökéletesre fejleszteni a szójaprotein gyártást, hogy az a testépítőknek is minden szempontból megfeleljen. A Power Soy szójaprotein izolátum csúcstechnologiájú vízes extrakcióval készül, megőrízve a biológiailag aktív anyagokat, és ezáltal minden tekintetben megfelel a testépítők legmagasabb elvárásainak is. A Power Soy szójaprotein izolátum csúcstechnologiájú vizes extrakcióval készül, megőrizve a biológiailag aktív anyagokat és ezáltal minden tekintetben megfelel a testépítők legmagasabb elvárásainak is. A Power Soy szójafehérfe izolátum a legjobb szálkásító protein ami ma kapható. Kutatások bebizonyították, hogy napi kétszer 25 g szójafehérje elfogyasztása 30 %-kal megnöveli a pajzsmirigyben termelődő thyroid hormon szintet, miáltal fokozódik a szénhidrátok elégetése és a zsírok lebontása. A kutatók azt is megállapították, hogy a szójafehérje izolátum magas esszenciális és BCAA aminosav tartalma miatt napi 50 g szójaprotein izolátum elfogyasztása nem csak az anyagcserét gyorsítja, hanem edzés mellett a sovány izomzat tömegét is növeli. A Power Soy szójafehérje proteint megerősítettük 12 féle vitaminnal, ami az edzés utáni kimerült szervezet regenerálódását segíti. A Power Soy szójafehérje izolátum szénhidrát- és laktóz mentes, zsírtartalma alacsony, fehérjetartalma pedig kiemelkedően magas, megközelíti a 90 %-kot.",
      "image": "assets/img/products/POWER-SOY.jpg",
      "price": 7990,
      "featured": false,
      "visible": true,
      "web-link": "",
      "flavors": ["csoki", "vanília", "eper"],
      "packaging":["1kg (40 adag)"],
      "dosage":"Naponta kétszer két adagolókanálnyi (25 g) Power Soy-t keverni vízbe vagy tejbe, lehetőleg turmixgéppel.",
      "type": "Fehérje"
    },
    {
      "id": 3,
      "name": "Power Protein",
      "description": "A Power Protein a legújabb fejlesztésű magas fehérje tartalmú nagyon kedvező árfekvésű protein kezdő, és haladó testépítők számára. A Power Protein a három legnépszerűbb fehérje fajta – a növényi eredetű szója protein (koncentrátum és izolátum), az állati eredetű tejsavó protein és kazein- felhasználásával készül, egyesítve a fehérjék kiváló tulajdonságait. Mivel mind lassan (kazein) és gyorsan (tejsavó fehérje) felszívódó fehérjét is tartalmaz, az aminosavak adagolása ideális, ami egyenletes és hosszan tartó megfelelő mennyiségű és minőségű aminosav ellátást biztosít az izmoknak. Külön-külön is érvényesülnek a felhasznált fehérje fajták jótékony hatásai. A tejsavó fehérje immunrendszer erősítő tulajdonsággal rendelkezik, továbbá jelentősen csökkenti a kemény edzés után fellépő esetleges izomfájdalmakat. A szója protein koncentrátum rosttartalma jótékony hatást fejt ki az emésztésre, az izolátum pedig elősegíti a vér koleszterin- és triglicerid szintjének csökkenését, megelőzve ezzel a szívbetegségek kialakulásának esélyét. A Power Protein tartalmaz még taurint, mely folyamatos energiaellátást biztosít az edzés során, L-glutamint, regenerálódásában és sejttérfogat növelő hatásának köszönhetően, az izmok feszesebbé és teltebbé válnak. A Power Protein tartalmazza az izomépítéshez szükséges legfontosabb 12 féle vitamint is.",
      "image": "assets/img/products/POWER-PROTEIN.jpg",
      "price": 7990,
      "featured": false,
      "visible": true,
      "web-link": "",
      "flavors": ["csoki", "vanília", "eper"],
      "packaging":["1kg (40 adag)", "4kg (160 adag)"],
      "dosage":"Naponta kétszer két adagoló-kanálnyi (25g) Power Protein-t keverni vízbe vagy tejbe, lehetőleg turmixgéppel.",
      "type": "Fehérje"
    },
    {
      "id": 4,
      "name": "Power Mass",
      "description": "A Power Mass egy modern, magas fehérjetartalmú izomtömeg növelő, mely ideális kezdő és haladó testépítők számára egyaránt. Különleges fehérje és szénhidrát tartalmánál fogva kiválóan alkalmas izomtömeg növelésre anélkül, hogy egyetlen felesleges kalóriát jutatnánk be a szervezetbe. Fehérjetartalma egy komplex keverék, mely egyaránt tartalmaz lassan és gyorsan felszívódó fehérjéket. Fő fehérje komponense a tejsavó protein koncentrátum, mely gyors felszívódásának köszönhetően azonnal ellátja az izmokat aminosavakkal, erősíti az immunrendszert, és csökkenti az edzés után kialakulló izomfájdalmakat. ásik komponense a lassan felszívódó kazein, mely az edzést követően hosszú órákig biztosítja az izomépítéshez szükséges aminosavak folyamatos ellátoását. Szénhidrát tartama szintén kettős, mivel tartalmaz komplex és egyszrű szénhidrátokat is. Ennek a kettős szénhidrát tartalmomnak köszönhetően az izmok elegendő energiával rendelkeznek a kemény edzéshez és lényegesen könnyebben regenerálódnak az edzést követően, feltöltve a kiürült glikogén raktárakat. A Power Mass tartalamz még taurint, mely folyamatos energiaellátást biztosít az edzés során, L-glutamint, mely jelentős szerepet játszik az izmok edzést követő regenerálódásában és sejttérfogat növelő hatásának köszönhzetően az izmok feszesebbé és teltebbé válnak. A Power Mass tartalmazza az izomépítéshez szükséges legfontosabb 12 féle vitamint is.",
      "image": "assets/img/products/POWER-MASS.jpg",
      "price": 14490,
      "featured": true,
      "visible": true,
      "web-link": "",
      "flavors": ["csoki", "vanília", "eper"],
      "packaging":["1250g (25 adag)", "5kg (100adag)"],
      "dosage":"Naponta két adagolókanálnyi (50 g) Power Mass-t keverni vízbe vagy tejbe,lehetőleg turmixgéppel.",
      "type": "Tömegnövelő"
    },
    {
      "id": 5,
      "name": "Power X-Mass",
      "description": "A Power Mass egy modern, magas fehérjetartalmú izomtömeg növelő, mely ideális kezdő és haladó testépítők számára egyaránt. Különleges fehérje és szénhidrát tartalmánál fogva kiválóan alkalmas izomtömeg növelésre anélkül, hogy egyetlen felesleges kalóriát jutatnánk be a szervezetbe. Fehérjetartalma egy komplex keverék, mely egyaránt tartalmaz lassan és gyorsan felszívódó fehérjéket. Fő fehérje komponense a tejsavó protein koncentrátum, mely gyors felszívódásának köszönhetően azonnal ellátja az izmokat aminosavakkal, erősíti az immunrendszert, és csökkenti az edzés után kialakulló izomfájdalmakat. ásik komponense a lassan felszívódó kazein, mely az edzést követően hosszú órákig biztosítja az izomépítéshez szükséges aminosavak folyamatos ellátoását. Szénhidrát tartama szintén kettős, mivel tartalmaz komplex és egyszrű szénhidrátokat is. Ennek a kettős szénhidrát tartalmomnak köszönhetően az izmok elegendő energiával rendelkeznek a kemény edzéshez és lényegesen könnyebben regenerálódnak az edzést követően, feltöltve a kiürült glikogén raktárakat. A Power Mass tartalamz még taurint, mely folyamatos energiaellátást biztosít az edzés során, L-glutamint, mely jelentős szerepet játszik az izmok edzést követő regenerálódásában és sejttérfogat növelő hatásának köszönhzetően az izmok feszesebbé és teltebbé válnak. A Power Mass tartalmazza az izomépítéshez szükséges legfontosabb 12 féle vitamint is.",
      "image": "assets/img/products/POWER-X-MASS.jpg",
      "price": 4990,
      "featured": false,
      "visible": true,
      "web-link": "",
      "flavors": ["csoki", "vanília", "eper"],
      "packaging":["1250g (25 adag)", "5kg (100adag)"],
      "dosage":"Naponta két adagolókanálnyi (50 g) Power Mass-t keverni vízbe vagy tejbe,lehetőleg turmixgéppel.",
      "type": "Tömegnövelő"
    },
    {
      "id": 6,
      "name": "Power Glutamin",
      "description": "Az L-glutamin a keratin monohidrát mellett évek óta az egyik legkedveltebb és leggyakrabban használt izomerő növelő táplálék kiegészítő a testépítők és erőemelők körében. Az L-glutamin egy aminosav, mely igaz, hogy nem esszenciális, tehát a szervezet maga is elő tudja állítani, mégis tesztek során bebizonyosodott, hogy stressz alatt (például súlyzós edzés esetében) a szervezet nem tud elegendő mennyiségű L-glutamint előállítani. A Power Glutamine a legmagasabb igényeknek is megfelel, kizárólag szabad formájú L-glutamint tartalmaz, mely nem csak energiaforrásként szolgál a szervezetnek, hanem jelenléte nélkülözhetetlen a megfelelő fehérje szintézeshez. Ma már szinte elképzelhetetlen, hogy egy testépítő nem használjon L-glutamin készítményt. Maga az izomzat 60% glutaminból áll, mely glutamin raktárak az edzés során könnyen kiürülnek. Igen fontos a kiürült glutamin raktárak mihamarabbi feltöltése, mert ellenkező esetben katabolikus (az izomzat leépülésével járó) folyamatok indulhatnak el. A Glutamin energiát is szolgáltat az edzés során, és fontos szerepet játszik a fehérjék megfelelő hasznosulásában is. Ezen kívül sejttérfogat növelő hatással is rendelkezik, és hasonlóan a kreatinhoz, az L-glutamin szedésével is az izmok rövid időn belül feszessé és definiálttá válnak. A Power Glutamine nem alacsony koncentrációjú L-glutamin (mely esetben egy kevés L-glutamin kapcsolódik más aminosavakhoz), hanem 100% tisztaságú, kizárólag szabad formájú, igen magas minőségű L-glutamint tartalmazó, kifejezetten intenzív sportolóknak kifejlesztett készítmény. Hatása már rövid szedési ciklust követően tapasztalható, az izmok teltebbé, feszesebbé és lényegesen kidolgozottabbá válnak. Használata javasolt kezdő, középhaladó és haladó testépítőknek is egyaránt.",
      "image": "assets/img/products/POWER-GLUTAMINE-OLD.jpeg",
      "price": 4990,
      "featured": false,
      "visible": true,
      "web-link": "",
      "flavors": [""],
      "packaging":["150g (30 adag)"],
      "dosage":"Fogyasztása leginkább edzés után javasolt. Egyszeri adagja egy teáskanálnyi mennyiség, mely kb. 5 grammnak felel meg. Íze semleges, így bátran lehet proteinitalhoz keverve fogyasztani.",
      "type": "Aminosav"
    },
    {
      "id": 7,
      "name": "Power Taurine",
      "description": "A taurin egy kevésbé ismert, de sportolók számára igen fontos aminosav. A glutamin után a taurin fordul elő legnagyobb mennyiségben az izmokban, így érthető, hogy létfontosságú, hogy elegendő taurin álljon az izomsejtek rendelkezésére a megfelelő fejlődéshez. Testépítők vonatkozásában a taurin egyik legfontosabb tulajdonsága, hogy „inzulin- szerű” hatása van, ami azt jelenti, hogy növeli a glükóz és az aminosavak anyagcseréjét. Kutatások kimutatták, hogy a taurin aktív szerepet tölt be az úgynevezett sejttérfogat növelésben is (ennek a folyamatnak köszönhető az izmok látványos domborodása), továbbá növeli az izomsejtekben a protein szintézist, minek következtében több aminosav hasznosul.Tesztek szerint napi háromszori minimum 500 mg taurin bevitele segít megelőzni az izmok leépülését. Biokémikai besorolás szerint nem esszenciális aminosav a taurin, mégis egyes esetekben, amikor az izomzat az átlagnál jóval fejlettebb, létfontosságú, hogy elegendő álljon belőle rendelkezésre. Intezív sportolás és testmozgás csökkenti a szervezet taurinszintjét, így azt feltétlenül pótolni kell.",
      "image": "assets/img/products/POWER-TAURINE.avif",
      "price": 4990,
      "featured": false,
      "visible": true,
      "web-link": "",
      "flavors": [""],
      "packaging":["90 kapszula"],
      "dosage":"Napi 1 adag (2 kapszula) 30 perccel edzés előtt",
      "type": "Aminosav"
    },
    {
      "id": 8,
      "name": "Power Creatine",
      "description": "A kreatin a testépítők körében évek óta az egyik legkedveltebb táplálék kiegészítő. Segítségével viszonylag rövid időn belül jelentős és látványos izom- és erőnövekedés érhető el, mivel az izmok lényegesebben teltebbnek fognak látszani. A kreatint a szervezet maga is előállítja, de megtalálható különböző ételekben, mint a húsokban is, igaz nagyon csekély mennyiségben. Egy adag (5 gramm) kreatin természetes úton (táplálékkal) való beviteléhez 1,1 kg minőségi marhahúst kellene elfogyasztani! Lényegesen egyszerűbb tehát, ha biztonságos, a szervezete nem megterhelő módon kiegészítő szedésével visszük be az izomfejlődéshez szükséges kreatint. A kreatin alapvető szerepe az, hogy pótolja az edzés során felhasznált ATP mennyiségét. A Power Creatin feltölti az izmok kimerült kreatin raktárait, melyek a kemény edzések alatt hamar kiürülnek. Mivel a kreatin többlet energiához is juttat, így az edzésen nagyobb lesz a teljesítmény, melynek köszönhetően felgyorsul az izomzat kiépülése. A Power Creatine nem csak az energizálásban játszik szerepet, hanem a kreatin sejttérfogat növelő hatásának köszönhetően az izomsejtek megduzzadnak, az izmok telté és feszesebbé válnak. Az elért eredmények a feltöltési ciklust követően is könnyen fenntarthatók.",
      "image": "assets/img/products/POWER-CREATINE.jpg",
      "price": 4990,
      "featured": true,
      "visible": true,
      "web-link": "",
      "flavors": [""],
      "packaging":["500g (100 adag)"],
      "dosage":"Fogyasztása leinkább edzés előtt és után javasolt. A javasolt adagolás minden esetben függ a sportoló testsúlyától és attól, hogy feltöltési, vagy szintfenntartási fázisban van-e.",
      "type": "Kreatin"
    },
    {
      "id": 9,
      "name": "Power Cell",
      "description": "A Power Cell egy egyedülálló kreatin transzport rendszer, mely összetevőinek köszönhetően a kreatin hatékonyságát 150-200 %-kal is növelheti. Kutatások szerint a kreatin hatákonyabb, ha megemelkedik a szervezetben az inzulinszint, így az izomzatba a kreatin bejuttatása is jelentős mértékben javul. Az inzulinszint megemelésére legalkalmasabb szénhidrát a legmagasabb glikémiás indexszel rendelkező dextróz. További tanulmányok kimutatták, hogy ha a kreatint magnéziummal együtt visszük be a szervezetbe, akkor a kreatin hatása még tovább fokozható. A Power Cell további két igen hatákony sejttérfogat növelő hatóanyagot is tartalmaz. Az egyik az L-glutamin, mely hasonlóan a kreatinhoz, vizet tart vissza a sejtekben és ezáltal növeli a nukleinsav termelést és a proteinszitézist, ami megfelelő edzéssel párosítva erő- és izomnövekedést eredményez. A másik a taurin aminosav. Intenzív edzés során nagymértékű turinszint csökkenés figyelhető meg az izmokban, minek következtében csökken a teljesítőképesség és hamarabb kifáradunk. A taurin megfelelő pótlásával azonban javítható a kreatin hatákonysága, így nagyobb lesz az állóképesség, és lényegesen megnő a szervezet energiaszintje. A Power Cell a kreatin, L-glutamin, taurin, magnézium és dextróz mellett tartalmaz még 14 féle vitamint és ásványi anyagot az edzés során megnövekedett vitamin igény pótlására.",
      "image": "assets/img/products/POWER-CELL.jpg",
      "price": 4990,
      "featured": false,
      "visible": true,
      "web-link": "",
      "flavors": ["narancs", "ananász", "lemon-lime"],
      "packaging":["2050g (41 adag)", "500g (10 adag)"],
      "dosage":"edzés után két adagolókanálnyi (50 g) Power Cell-t keverni vízbe, lehetőleg turmixgéppel. Ajánlott azonnal fogyasztani.",
      "type": "Kreatin"
    }
    
  ]
  